id,姓名,邮箱,职业,职业标题
1,Emma Green,j1u5f3k7@gmail.com,Teacher,Lead Teacher
2,Liam Brown,z4d2q9y8@yahoo.com,Programmer,Senior Programmer
3,Ava White,m6p3l8o2@hotmail.com,Artist,Associate Artist
4,Noah Black,h7g4r1e3@outlook.com,Doctor,Junior Doctor
5,Isabella Gray,k9n2b5c6@gmail.com,Engineer,Senior Engineer
6,Sophia Brown,t8s7v1x4@yahoo.com,Lawyer,Associate Lawyer
7,William Green,w3q6e9r2@hotmail.com,Accountant,Junior Accountant
8,James Black,y5u8i2o7@outlook.com,Teacher,Lead Teacher
9,Olivia White,r1e4a7t8@gmail.com,Programmer,Senior Programmer
10,Benjamin Gray,p6l9o3k5@yahoo.com,Artist,Associate Artist